"Longitude (x)","Latitude (y)","Station Name","Climate ID","Date/Time","Year","Month","Day","Data Quality","Max Temp (°C)","Max Temp Flag","Min Temp (°C)","Min Temp Flag","Mean Temp (°C)","Mean Temp Flag","Heat Deg Days (°C)","Heat Deg Days Flag","Cool Deg Days (°C)","Cool Deg Days Flag","Total Rain (mm)","Total Rain Flag","Total Snow (cm)","Total Snow Flag","Total Precip (mm)","Total Precip Flag","Snow on Grnd (cm)","Snow on Grnd Flag","Dir of Max Gust (10s deg)","Dir of Max Gust Flag","Spd of Max Gust (km/h)","Spd of Max Gust Flag"
"-123.43","48.65","VICTORIA INTL A","1018621","2020-01-01","2020","01","01","","12.9","","5.5","","9.2","","8.8","","0.0","","0.0","T","0.0","","0.0","T","","","26","","59",""
"-123.43","48.65","VICTORIA INTL A","1018621","2020-01-02","2020","01","02","","6.0","","0.9","","3.5","","14.5","","0.0","","14.6","","0.0","","14.6","","","","14","","45",""
"-123.43","48.65","VICTORIA INTL A","1018621","2020-01-03","2020","01","03","","10.9","","5.9","","8.4","","9.6","","0.0","","11.2","","0.0","","11.2","","","","15","","39",""
"-123.43","48.65","VICTORIA INTL A","1018621","2020-01-04","2020","01","04","","8.2","","3.1","","5.7","","12.3","","0.0","","11.8","","0.0","","11.8","","","","27","","52",""
"-123.43","48.65","VICTORIA INTL A","1018621","2020-01-05","2020","01","05","","8.3","","4.8","","6.6","","11.4","","0.0","","2.0","","0.0","","2.0","","","","25","","65",""
"-123.43","48.65","VICTORIA INTL A","1018621","2020-01-06","2020","01","06","","5.8","","3.4","","4.6","","13.4","","0.0","","14.8","","0.0","","14.8","","","","12","","33",""
"-123.43","48.65","VICTORIA INTL A","1018621","2020-01-07","2020","01","07","","9.9","","5.4","","7.7","","10.3","","0.0","","20.3","","0.0","","20.3","","","","24","","52",""
"-123.43","48.65","VICTORIA INTL A","1018621","2020-01-08","2020","01","08","","7.3","","0.4","","3.9","","14.1","","0.0","","0.0","T","0.0","","0.0","T","","","28","","52",""
"-123.43","48.65","VICTORIA INTL A","1018621","2020-01-09","2020","01","09","","5.3","","-2.3","","1.5","","16.5","","0.0","","0.0","","0.0","","0.0","","","","","M","","M"
"-123.43","48.65","VICTORIA INTL A","1018621","2020-01-10","2020","01","10","","7.5","","1.9","","4.7","","13.3","","0.0","","22.6","","0.0","","22.6","","","","15","","65",""
"-123.43","48.65","VICTORIA INTL A","1018621","2020-01-11","2020","01","11","","6.9","","3.5","","5.2","","12.8","","0.0","","5.0","","0.0","","5.0","","","","29","","33",""
"-123.43","48.65","VICTORIA INTL A","1018621","2020-01-12","2020","01","12","","6.1","","-1.5","","2.3","","15.7","","0.0","","9.8","","2.5","","12.3","","3","E","32","","54",""
"-123.43","48.65","VICTORIA INTL A","1018621","2020-01-13","2020","01","13","","-0.5","","-5.1","","-2.8","","20.8","","0.0","","0.0","","2.3","","2.3","","3","","6","","39",""
"-123.43","48.65","VICTORIA INTL A","1018621","2020-01-14","2020","01","14","","-3.9","","-5.5","","-4.7","","22.7","","0.0","","0.0","","4.5","","4.5","","4","","6","","33",""
"-123.43","48.65","VICTORIA INTL A","1018621","2020-01-15","2020","01","15","","5.6","","-5.1","","0.3","","17.7","","0.0","","0.0","","20.0","","19.4","","25","","12","","80",""
"-123.43","48.65","VICTORIA INTL A","1018621","2020-01-16","2020","01","16","","5.5","","-2.4","","1.6","","16.4","","0.0","","0.0","","0.0","","0.0","","16","","14","","84",""
"-123.43","48.65","VICTORIA INTL A","1018621","2020-01-17","2020","01","17","","4.3","","-6.2","","-1.0","","19.0","","0.0","","0.0","T","0.0","","0.0","T","7","","9","","33",""
"-123.43","48.65","VICTORIA INTL A","1018621","2020-01-18","2020","01","18","","7.9","","3.6","","5.8","","12.2","","0.0","","3.1","","0.0","","3.1","","4","","14","","68",""
"-123.43","48.65","VICTORIA INTL A","1018621","2020-01-19","2020","01","19","","8.5","","4.5","","6.5","","11.5","","0.0","","1.6","","0.0","","1.6","","","","","M","","M"
"-123.43","48.65","VICTORIA INTL A","1018621","2020-01-20","2020","01","20","","9.7","","4.3","","7.0","","11.0","","0.0","","2.6","","0.0","","2.6","","","","","M","","M"
"-123.43","48.65","VICTORIA INTL A","1018621","2020-01-21","2020","01","21","","9.3","","4.7","","7.0","","11.0","","0.0","","10.0","","0.0","","10.0","","","","14","","50",""
"-123.43","48.65","VICTORIA INTL A","1018621","2020-01-22","2020","01","22","","8.4","","4.0","","6.2","","11.8","","0.0","","21.0","","0.0","","21.0","","","","10","","32",""
"-123.43","48.65","VICTORIA INTL A","1018621","2020-01-23","2020","01","23","","10.6","","7.8","","9.2","","8.8","","0.0","","22.8","","0.0","","22.8","","","","12","","32",""
"-123.43","48.65","VICTORIA INTL A","1018621","2020-01-24","2020","01","24","","11.9","","5.2","","8.6","","9.4","","0.0","","3.6","","0.0","","3.6","","","","20","","42",""
"-123.43","48.65","VICTORIA INTL A","1018621","2020-01-25","2020","01","25","","9.0","","6.2","","7.6","","10.4","","0.0","","5.0","","0.0","","5.0","","","","","M","","M"
"-123.43","48.65","VICTORIA INTL A","1018621","2020-01-26","2020","01","26","","12.5","","7.2","","9.9","","8.1","","0.0","","3.0","","0.0","","3.0","","","","23","","50",""
"-123.43","48.65","VICTORIA INTL A","1018621","2020-01-27","2020","01","27","","8.8","","3.7","","6.3","","11.7","","0.0","","13.9","","0.0","","13.9","","","","10","","45",""
"-123.43","48.65","VICTORIA INTL A","1018621","2020-01-28","2020","01","28","","7.6","","5.6","","6.6","","11.4","","0.0","","8.0","","0.0","","8.0","","","","15","","39",""
"-123.43","48.65","VICTORIA INTL A","1018621","2020-01-29","2020","01","29","","12.3","","2.4","","7.4","","10.6","","0.0","","12.1","","0.0","","12.1","","","","","","","M"
"-123.43","48.65","VICTORIA INTL A","1018621","2020-01-30","2020","01","30","","7.6","","0.8","","4.2","","13.8","","0.0","","5.4","","0.0","","5.4","","","","","M","","M"
"-123.43","48.65","VICTORIA INTL A","1018621","2020-01-31","2020","01","31","","14.2","","6.2","","10.2","","7.8","","0.0","","38.4","","0.0","","38.4","","","","24","","63",""
"-123.43","48.65","VICTORIA INTL A","1018621","2020-02-01","2020","02","01","","12.6","","1.4","","7.0","","11.0","","0.0","","17.8","","0.0","","17.8","","","","21","","63",""
"-123.43","48.65","VICTORIA INTL A","1018621","2020-02-02","2020","02","02","","5.3","","-2.1","","1.6","","16.4","","0.0","","0.4","","0.0","","0.4","","","","14","","35",""
"-123.43","48.65","VICTORIA INTL A","1018621","2020-02-03","2020","02","03","","5.2","","-2.0","","1.6","","16.4","","0.0","","0.0","","0.0","","0.0","","","","","","","M"
"-123.43","48.65","VICTORIA INTL A","1018621","2020-02-04","2020","02","04","","3.0","","-2.4","","0.3","","17.7","","0.0","","15.1","","1.2","","16.6","","","","14","","39",""
"-123.43","48.65","VICTORIA INTL A","1018621","2020-02-05","2020","02","05","","4.1","","0.9","","2.5","","15.5","","0.0","","16.5","","0.0","","16.5","","","","","M","","M"
"-123.43","48.65","VICTORIA INTL A","1018621","2020-02-06","2020","02","06","","5.3","","3.3","","4.3","","13.7","","0.0","","17.0","","0.0","","17.0","","","","","M","","M"
"-123.43","48.65","VICTORIA INTL A","1018621","2020-02-07","2020","02","07","","8.4","","4.2","","6.3","","11.7","","0.0","","7.0","","0.0","","7.0","","","","22","","65",""
"-123.43","48.65","VICTORIA INTL A","1018621","2020-02-08","2020","02","08","","10.3","","1.1","","5.7","","12.3","","0.0","","0.4","","0.0","","0.4","","","","31","","54",""
"-123.43","48.65","VICTORIA INTL A","1018621","2020-02-09","2020","02","09","","6.5","","-1.2","","2.7","","15.3","","0.0","","0.0","","0.0","","0.0","","","","","","","M"
"-123.43","48.65","VICTORIA INTL A","1018621","2020-02-10","2020","02","10","","7.6","","1.9","","4.8","","13.2","","0.0","","0.0","","0.0","","0.0","","","","","M","","M"
"-123.43","48.65","VICTORIA INTL A","1018621","2020-02-11","2020","02","11","","10.6","","0.8","","5.7","","12.3","","0.0","","2.0","","0.0","","2.0","","","","12","","37",""
"-123.43","48.65","VICTORIA INTL A","1018621","2020-02-12","2020","02","12","","8.1","","3.2","","5.7","","12.3","","0.0","","0.0","","0.0","","0.0","","","","","M","","M"
"-123.43","48.65","VICTORIA INTL A","1018621","2020-02-13","2020","02","13","","9.8","","4.2","","7.0","","11.0","","0.0","","0.9","","0.0","","0.9","","","","23","","37",""
"-123.43","48.65","VICTORIA INTL A","1018621","2020-02-14","2020","02","14","","10.2","","1.0","","5.6","","12.4","","0.0","","1.4","","0.0","","1.4","","","","25","","33",""
"-123.43","48.65","VICTORIA INTL A","1018621","2020-02-15","2020","02","15","","9.7","","4.1","","6.9","","11.1","","0.0","","0.6","","0.0","","0.6","","","","25","","41",""
"-123.43","48.65","VICTORIA INTL A","1018621","2020-02-16","2020","02","16","","10.3","","-1.1","","4.6","","13.4","","0.0","","0.0","","0.0","","0.0","","","","24","","37",""
"-123.43","48.65","VICTORIA INTL A","1018621","2020-02-17","2020","02","17","","7.6","","-1.5","","3.1","","14.9","","0.0","","0.0","","0.0","","0.0","","","","","M","","M"
"-123.43","48.65","VICTORIA INTL A","1018621","2020-02-18","2020","02","18","","7.2","","-0.9","","3.2","","14.8","","0.0","","0.0","","0.0","","0.0","","","","","M","","M"
"-123.43","48.65","VICTORIA INTL A","1018621","2020-02-19","2020","02","19","","8.2","","-2.4","","2.9","","15.1","","0.0","","0.0","","0.0","","0.0","","","","","M","","M"
"-123.43","48.65","VICTORIA INTL A","1018621","2020-02-20","2020","02","20","","9.4","","-3.0","","3.2","","14.8","","0.0","","0.0","","0.0","","0.0","","","","","M","","M"
"-123.43","48.65","VICTORIA INTL A","1018621","2020-02-21","2020","02","21","","8.7","","-2.3","","3.2","","14.8","","0.0","","0.0","","0.0","","0.0","","","","14","","32",""
"-123.43","48.65","VICTORIA INTL A","1018621","2020-02-22","2020","02","22","","","M","","M","","M","","M","","M","0.8","","0.0","","0.8","","","","","","","M"
"-123.43","48.65","VICTORIA INTL A","1018621","2020-02-23","2020","02","23","","9.2","","4.1","","6.7","","11.3","","0.0","","6.8","","0.0","","6.8","","","","21","","63",""
"-123.43","48.65","VICTORIA INTL A","1018621","2020-02-24","2020","02","24","","8.8","","0.5","","4.7","","13.3","","0.0","","0.0","","0.0","","0.0","","","","25","","58",""
"-123.43","48.65","VICTORIA INTL A","1018621","2020-02-25","2020","02","25","","7.0","","0.7","","3.9","","14.1","","0.0","","0.0","T","0.0","","0.0","T","","","","M","","M"
"-123.43","48.65","VICTORIA INTL A","1018621","2020-02-26","2020","02","26","","9.5","","3.5","","6.5","","11.5","","0.0","","0.2","","0.0","","0.2","","","","","M","","M"
"-123.43","48.65","VICTORIA INTL A","1018621","2020-02-27","2020","02","27","","9.4","","2.2","","5.8","","12.2","","0.0","","0.0","","0.0","","0.0","","","","","M","","M"
"-123.43","48.65","VICTORIA INTL A","1018621","2020-02-28","2020","02","28","","8.7","","0.3","","4.5","","13.5","","0.0","","7.7","","0.0","","7.7","","","","21","","41",""
"-123.43","48.65","VICTORIA INTL A","1018621","2020-02-29","2020","02","29","","10.1","","1.9","","6.0","","12.0","","0.0","","3.6","","0.0","","3.6","","","","","M","","M"
"-123.43","48.65","VICTORIA INTL A","1018621","2020-03-01","2020","03","01","","7.4","","-0.6","","3.4","","14.6","","0.0","","0.7","","0.0","","0.7","","","","24","","41",""
"-123.43","48.65","VICTORIA INTL A","1018621","2020-03-02","2020","03","02","","10.1","","3.1","","6.6","","11.4","","0.0","","2.2","","0.0","","2.2","","","","15","","35",""
"-123.43","48.65","VICTORIA INTL A","1018621","2020-03-03","2020","03","03","","10.2","","0.6","","5.4","","12.6","","0.0","","0.0","T","0.0","","0.0","T","","","21","","48",""
"-123.43","48.65","VICTORIA INTL A","1018621","2020-03-04","2020","03","04","","10.3","","3.1","","6.7","","11.3","","0.0","","0.0","T","0.0","","0.0","T","","","27","","46",""
"-123.43","48.65","VICTORIA INTL A","1018621","2020-03-05","2020","03","05","","8.5","","3.3","","5.9","","12.1","","0.0","","0.7","","0.0","","0.7","","","","14","","33",""
"-123.43","48.65","VICTORIA INTL A","1018621","2020-03-06","2020","03","06","","8.1","","0.0","","4.1","","13.9","","0.0","","0.0","","0.0","","0.0","","","","","M","","M"
"-123.43","48.65","VICTORIA INTL A","1018621","2020-03-07","2020","03","07","","8.0","","-0.8","","3.6","","14.4","","0.0","","0.7","","0.0","","0.7","","","","","M","","M"
"-123.43","48.65","VICTORIA INTL A","1018621","2020-03-08","2020","03","08","","7.2","","-0.8","","3.2","","14.8","","0.0","","0.0","","0.0","","0.0","","","","","M","","M"
"-123.43","48.65","VICTORIA INTL A","1018621","2020-03-09","2020","03","09","","7.7","","-2.1","","2.8","","15.2","","0.0","","0.0","","0.0","","0.0","","","","","M","","M"
"-123.43","48.65","VICTORIA INTL A","1018621","2020-03-10","2020","03","10","","9.2","","1.7","","5.5","","12.5","","0.0","","0.2","","0.0","","0.2","","","","20","","41",""
"-123.43","48.65","VICTORIA INTL A","1018621","2020-03-11","2020","03","11","","10.6","","2.0","","6.3","","11.7","","0.0","","0.0","","0.0","","0.0","","","","26","","46",""
"-123.43","48.65","VICTORIA INTL A","1018621","2020-03-12","2020","03","12","","7.6","","-0.5","","3.6","","14.4","","0.0","","0.0","","0.0","","0.0","","","","","M","","M"
"-123.43","48.65","VICTORIA INTL A","1018621","2020-03-13","2020","03","13","","7.7","","2.6","","5.2","","12.8","","0.0","","0.0","T","0.0","","0.0","T","","","4","","65",""
"-123.43","48.65","VICTORIA INTL A","1018621","2020-03-14","2020","03","14","","4.2","","0.1","","2.2","","15.8","","0.0","","0.0","","0.0","","0.0","","","","4","","71",""
"-123.43","48.65","VICTORIA INTL A","1018621","2020-03-15","2020","03","15","","8.0","","-0.4","","3.8","","14.2","","0.0","","0.0","","0.0","","0.0","","","","4","","59",""
"-123.43","48.65","VICTORIA INTL A","1018621","2020-03-16","2020","03","16","","12.3","","-2.8","","4.8","","13.2","","0.0","","0.0","","0.0","","0.0","","","","","M","","M"
"-123.43","48.65","VICTORIA INTL A","1018621","2020-03-17","2020","03","17","","10.7","","-1.8","","4.5","","13.5","","0.0","","0.0","","0.0","","0.0","","","","","M","","M"
"-123.43","48.65","VICTORIA INTL A","1018621","2020-03-18","2020","03","18","","11.9","","-1.0","","5.5","","12.5","","0.0","","0.0","","0.0","","0.0","","","","","M","","M"
"-123.43","48.65","VICTORIA INTL A","1018621","2020-03-19","2020","03","19","","11.7","","-0.2","","5.8","","12.2","","0.0","","0.0","","0.0","","0.0","","","","","M","","M"
"-123.43","48.65","VICTORIA INTL A","1018621","2020-03-20","2020","03","20","","12.6","","0.4","","6.5","","11.5","","0.0","","0.0","","0.0","","0.0","","","","","M","","M"
"-123.43","48.65","VICTORIA INTL A","1018621","2020-03-21","2020","03","21","","11.7","","0.6","","6.2","","11.8","","0.0","","0.0","","0.0","","0.0","","","","","M","","M"
"-123.43","48.65","VICTORIA INTL A","1018621","2020-03-22","2020","03","22","","9.9","","1.3","","5.6","","12.4","","0.0","","0.0","","0.0","","0.0","","","","25","","46",""
"-123.43","48.65","VICTORIA INTL A","1018621","2020-03-23","2020","03","23","","10.8","","3.9","","7.4","","10.6","","0.0","","0.0","T","0.0","","0.0","T","","","24","","50",""
"-123.43","48.65","VICTORIA INTL A","1018621","2020-03-24","2020","03","24","","8.5","","0.6","","4.6","","13.4","","0.0","","2.1","","0.0","","2.1","","","","","M","","M"
"-123.43","48.65","VICTORIA INTL A","1018621","2020-03-25","2020","03","25","","10.3","","0.8","","5.6","","12.4","","0.0","","0.0","","0.0","","0.0","","","","","M","","M"
"-123.43","48.65","VICTORIA INTL A","1018621","2020-03-26","2020","03","26","","9.6","","-0.5","","4.6","","13.4","","0.0","","0.6","","0.0","","0.6","","","","23","","32",""
"-123.43","48.65","VICTORIA INTL A","1018621","2020-03-27","2020","03","27","","9.1","","5.2","","7.2","","10.8","","0.0","","3.3","","0.0","","3.3","","","","14","","37",""
"-123.43","48.65","VICTORIA INTL A","1018621","2020-03-28","2020","03","28","","9.7","","7.5","","8.6","","9.4","","0.0","","3.9","","0.0","","3.9","","","","14","","35",""
"-123.43","48.65","VICTORIA INTL A","1018621","2020-03-29","2020","03","29","","12.7","","4.7","","8.7","","9.3","","0.0","","0.3","","0.0","","0.3","","","","21","","42",""
"-123.43","48.65","VICTORIA INTL A","1018621","2020-03-30","2020","03","30","","9.3","","3.2","","6.3","","11.7","","0.0","","13.6","","0.0","","13.6","","","","14","","48",""
"-123.43","48.65","VICTORIA INTL A","1018621","2020-03-31","2020","03","31","","9.9","","-0.1","","4.9","","13.1","","0.0","","0.0","","0.0","","0.0","","","","21","","33",""
"-123.43","48.65","VICTORIA INTL A","1018621","2020-04-01","2020","04","01","","9.1","","2.9","","6.0","","12.0","","0.0","","3.2","","0.0","","3.2","","","","5","","32",""
"-123.43","48.65","VICTORIA INTL A","1018621","2020-04-02","2020","04","02","","8.7","","0.3","","4.5","","13.5","","0.0","","0.2","","0.0","","0.2","","","","","M","","M"
"-123.43","48.65","VICTORIA INTL A","1018621","2020-04-03","2020","04","03","","8.3","","0.5","","4.4","","13.6","","0.0","","1.4","","0.0","","1.4","","","","21","","42",""
"-123.43","48.65","VICTORIA INTL A","1018621","2020-04-04","2020","04","04","","9.2","","0.6","","4.9","","13.1","","0.0","","0.0","","0.0","","0.0","","","","","M","","M"
"-123.43","48.65","VICTORIA INTL A","1018621","2020-04-05","2020","04","05","","11.7","","1.3","","6.5","","11.5","","0.0","","0.0","","0.0","","0.0","","","","","M","","M"
"-123.43","48.65","VICTORIA INTL A","1018621","2020-04-06","2020","04","06","","11.8","","0.8","","6.3","","11.7","","0.0","","0.0","","0.0","","0.0","","","","","M","","M"
"-123.43","48.65","VICTORIA INTL A","1018621","2020-04-07","2020","04","07","","12.2","","3.5","","7.9","","10.1","","0.0","","0.0","","0.0","","0.0","","","","","M","","M"
"-123.43","48.65","VICTORIA INTL A","1018621","2020-04-08","2020","04","08","","13.9","","1.1","","7.5","","10.5","","0.0","","0.0","","0.0","","0.0","","","","","M","","M"
"-123.43","48.65","VICTORIA INTL A","1018621","2020-04-09","2020","04","09","","15.3","","2.9","","9.1","","8.9","","0.0","","0.0","","0.0","","0.0","","","","","M","","M"
"-123.43","48.65","VICTORIA INTL A","1018621","2020-04-10","2020","04","10","","14.1","","3.4","","8.8","","9.2","","0.0","","0.0","","0.0","","0.0","","","","","","","M"
"-123.43","48.65","VICTORIA INTL A","1018621","2020-04-11","2020","04","11","","14.5","","3.5","","9.0","","9.0","","0.0","","0.0","","0.0","","0.0","","","","3","","32",""
"-123.43","48.65","VICTORIA INTL A","1018621","2020-04-12","2020","04","12","","14.6","","0.9","","7.8","","10.2","","0.0","","0.0","","0.0","","0.0","","","","","M","","M"
"-123.43","48.65","VICTORIA INTL A","1018621","2020-04-13","2020","04","13","","14.4","","2.1","","8.3","","9.7","","0.0","","0.0","","0.0","","0.0","","","","","M","","M"
"-123.43","48.65","VICTORIA INTL A","1018621","2020-04-14","2020","04","14","","13.8","","3.8","","8.8","","9.2","","0.0","","0.0","","0.0","","0.0","","","","13","","32",""
"-123.43","48.65","VICTORIA INTL A","1018621","2020-04-15","2020","04","15","","18.8","","4.2","","11.5","","6.5","","0.0","","0.0","","0.0","","0.0","","","","","M","","M"
"-123.43","48.65","VICTORIA INTL A","1018621","2020-04-16","2020","04","16","","17.3","","4.1","","10.7","","7.3","","0.0","","0.0","","0.0","","0.0","","","","","M","","M"
"-123.43","48.65","VICTORIA INTL A","1018621","2020-04-17","2020","04","17","","13.3","","4.9","","9.1","","8.9","","0.0","","0.2","","0.0","","0.2","","","","","M","","M"
"-123.43","48.65","VICTORIA INTL A","1018621","2020-04-18","2020","04","18","","14.3","","8.0","","11.2","","6.8","","0.0","","0.2","","0.0","","0.2","","","","13","","35",""
"-123.43","48.65","VICTORIA INTL A","1018621","2020-04-19","2020","04","19","","13.6","","5.8","","9.7","","8.3","","0.0","","0.0","","0.0","","0.0","","","","14","","33",""
"-123.43","48.65","VICTORIA INTL A","1018621","2020-04-20","2020","04","20","","15.8","","5.7","","10.8","","7.2","","0.0","","0.0","","0.0","","0.0","","","","","","","M"
"-123.43","48.65","VICTORIA INTL A","1018621","2020-04-21","2020","04","21","","15.5","","7.2","","11.4","","6.6","","0.0","","0.0","T","0.0","","0.0","T","","","14","","41",""
"-123.43","48.65","VICTORIA INTL A","1018621","2020-04-22","2020","04","22","","12.2","","8.3","","10.3","","7.7","","0.0","","16.7","","0.0","","16.7","","","","","M","","M"
"-123.43","48.65","VICTORIA INTL A","1018621","2020-04-23","2020","04","23","","15.6","","5.2","","10.4","","7.6","","0.0","","0.0","","0.0","","0.0","","","","23","","35",""
"-123.43","48.65","VICTORIA INTL A","1018621","2020-04-24","2020","04","24","","13.7","","3.2","","8.5","","9.5","","0.0","","0.0","T","0.0","","0.0","T","","","","M","","M"
"-123.43","48.65","VICTORIA INTL A","1018621","2020-04-25","2020","04","25","","15.6","","8.6","","12.1","","5.9","","0.0","","3.2","","0.0","","3.2","","","","23","","68",""
"-123.43","48.65","VICTORIA INTL A","1018621","2020-04-26","2020","04","26","","14.2","","5.9","","10.1","","7.9","","0.0","","3.9","","0.0","","3.9","","","","29","","32",""
"-123.43","48.65","VICTORIA INTL A","1018621","2020-04-27","2020","04","27","","15.7","","8.4","","12.1","","5.9","","0.0","","0.8","","0.0","","0.8","","","","23","","46",""
"-123.43","48.65","VICTORIA INTL A","1018621","2020-04-28","2020","04","28","","12.3","","4.7","","8.5","","9.5","","0.0","","1.2","","0.0","","1.2","","","","","M","","M"
"-123.43","48.65","VICTORIA INTL A","1018621","2020-04-29","2020","04","29","","14.7","","7.1","","10.9","","7.1","","0.0","","1.4","","0.0","","1.4","","","","25","","42",""
"-123.43","48.65","VICTORIA INTL A","1018621","2020-04-30","2020","04","30","","15.5","","8.9","","12.2","","5.8","","0.0","","0.9","","0.0","","0.9","","","","22","","45",""
"-123.43","48.65","VICTORIA INTL A","1018621","2020-05-01","2020","05","01","","15.3","","6.2","","10.8","","7.2","","0.0","","0.0","","0.0","","0.0","","","","","M","","M"
"-123.43","48.65","VICTORIA INTL A","1018621","2020-05-02","2020","05","02","","14.2","","6.2","","10.2","","7.8","","0.0","","2.0","","0.0","","2.0","","","","24","","54",""
"-123.43","48.65","VICTORIA INTL A","1018621","2020-05-03","2020","05","03","","14.6","","3.9","","9.3","","8.7","","0.0","","0.6","","0.0","","0.6","","","","21","","39",""
"-123.43","48.65","VICTORIA INTL A","1018621","2020-05-04","2020","05","04","","15.8","","2.8","","9.3","","8.7","","0.0","","0.2","","0.0","","0.2","","","","","","","M"
"-123.43","48.65","VICTORIA INTL A","1018621","2020-05-05","2020","05","05","","19.2","","5.4","","12.3","","5.7","","0.0","","0.0","T","0.0","","0.0","T","","","","M","","M"
"-123.43","48.65","VICTORIA INTL A","1018621","2020-05-06","2020","05","06","","16.9","","9.4","","13.2","","4.8","","0.0","","0.0","","0.0","","0.0","","","","29","","50",""
"-123.43","48.65","VICTORIA INTL A","1018621","2020-05-07","2020","05","07","","18.6","","4.3","","11.5","","6.5","","0.0","","0.0","","0.0","","0.0","","","","2","","32",""
"-123.43","48.65","VICTORIA INTL A","1018621","2020-05-08","2020","05","08","","24.3","","5.8","","15.1","","2.9","","0.0","","0.0","","0.0","","0.0","","","","","M","","M"
"-123.43","48.65","VICTORIA INTL A","1018621","2020-05-09","2020","05","09","","27.0","","7.6","","17.3","","0.7","","0.0","","0.0","","0.0","","0.0","","","","","M","","M"
"-123.43","48.65","VICTORIA INTL A","1018621","2020-05-10","2020","05","10","","27.7","","10.2","","19.0","","0.0","","1.0","","0.0","","0.0","","0.0","","","","","M","","M"
"-123.43","48.65","VICTORIA INTL A","1018621","2020-05-11","2020","05","11","","21.9","","11.6","","16.8","","1.2","","0.0","","0.9","","0.0","","0.9","","","","27","","39",""
"-123.43","48.65","VICTORIA INTL A","1018621","2020-05-12","2020","05","12","","18.1","","9.8","","14.0","","4.0","","0.0","","7.5","","0.0","","7.5","","","","","M","","M"
"-123.43","48.65","VICTORIA INTL A","1018621","2020-05-13","2020","05","13","","16.6","","9.2","","12.9","","5.1","","0.0","","1.7","","0.0","","1.7","","","","","M","","M"
"-123.43","48.65","VICTORIA INTL A","1018621","2020-05-14","2020","05","14","","16.3","","9.0","","12.7","","5.3","","0.0","","0.0","","0.0","","0.0","","","","","M","","M"
"-123.43","48.65","VICTORIA INTL A","1018621","2020-05-15","2020","05","15","","17.0","","6.6","","11.8","","6.2","","0.0","","0.0","","0.0","","0.0","","","","13","","41",""
"-123.43","48.65","VICTORIA INTL A","1018621","2020-05-16","2020","05","16","","14.1","","8.4","","11.3","","6.7","","0.0","","8.1","","0.0","","8.1","","","","","M","","M"
"-123.43","48.65","VICTORIA INTL A","1018621","2020-05-17","2020","05","17","","17.0","","9.4","","13.2","","4.8","","0.0","","11.2","","0.0","","11.2","","","","","M","","M"
"-123.43","48.65","VICTORIA INTL A","1018621","2020-05-18","2020","05","18","","19.1","","7.6","","13.4","","4.6","","0.0","","0.0","","0.0","","0.0","","","","","M","","M"
"-123.43","48.65","VICTORIA INTL A","1018621","2020-05-19","2020","05","19","","18.0","","10.9","","14.5","","3.5","","0.0","","0.0","","0.0","","0.0","","","","30","","32",""
"-123.43","48.65","VICTORIA INTL A","1018621","2020-05-20","2020","05","20","","19.1","","10.5","","14.8","","3.2","","0.0","","0.0","","0.0","","0.0","","","","25","","45",""
"-123.43","48.65","VICTORIA INTL A","1018621","2020-05-21","2020","05","21","","14.8","","8.4","","11.6","","6.4","","0.0","","1.4","","0.0","","1.4","","","","27","","46",""
"-123.43","48.65","VICTORIA INTL A","1018621","2020-05-22","2020","05","22","","","M","","M","","M","","M","","M","","M","","","","M","","","","","",""
"-123.43","48.65","VICTORIA INTL A","1018621","2020-05-23","2020","05","23","","16.5","","10.3","","13.4","","4.6","","0.0","","0.0","","0.0","","0.0","","","","13","","37",""
"-123.43","48.65","VICTORIA INTL A","1018621","2020-05-24","2020","05","24","","16.4","","9.5","","13.0","","5.0","","0.0","","0.0","T","0.0","","0.0","T","","","","M","","M"
"-123.43","48.65","VICTORIA INTL A","1018621","2020-05-25","2020","05","25","","18.5","","10.6","","14.6","","3.4","","0.0","","11.5","","0.0","","11.5","","","","","M","","M"
"-123.43","48.65","VICTORIA INTL A","1018621","2020-05-26","2020","05","26","","17.8","","10.1","","14.0","","4.0","","0.0","","0.0","","0.0","","0.0","","","","","M","","M"
"-123.43","48.65","VICTORIA INTL A","1018621","2020-05-27","2020","05","27","","22.5","","7.3","","14.9","","3.1","","0.0","","0.0","","0.0","","0.0","","","","","M","","M"
"-123.43","48.65","VICTORIA INTL A","1018621","2020-05-28","2020","05","28","","24.9","","10.1","","17.5","","0.5","","0.0","","0.0","","0.0","","0.0","","","","","M","","M"
"-123.43","48.65","VICTORIA INTL A","1018621","2020-05-29","2020","05","29","","22.6","","10.9","","16.8","","1.2","","0.0","","0.0","","0.0","","0.0","","","","","M","","M"
"-123.43","48.65","VICTORIA INTL A","1018621","2020-05-30","2020","05","30","","15.9","","10.6","","13.3","","4.7","","0.0","","1.8","","0.0","","1.8","","","","14","","42",""
"-123.43","48.65","VICTORIA INTL A","1018621","2020-05-31","2020","05","31","","18.8","","11.3","","15.1","","2.9","","0.0","","0.0","","0.0","","0.0","","","","25","","39",""
"-123.43","48.65","VICTORIA INTL A","1018621","2020-06-01","2020","06","01","","18.4","","7.2","","12.8","","5.2","","0.0","","0.0","","0.0","","0.0","","","","12","","32",""
"-123.43","48.65","VICTORIA INTL A","1018621","2020-06-02","2020","06","02","","14.4","","8.4","","11.4","","6.6","","0.0","","1.5","","0.0","","1.5","","","","","M","","M"
"-123.43","48.65","VICTORIA INTL A","1018621","2020-06-03","2020","06","03","","17.3","","7.3","","12.3","","5.7","","0.0","","0.0","","0.0","","0.0","","","","","M","","M"
"-123.43","48.65","VICTORIA INTL A","1018621","2020-06-04","2020","06","04","","18.2","","9.6","","13.9","","4.1","","0.0","","1.4","","0.0","","1.4","","","","","","","M"
"-123.43","48.65","VICTORIA INTL A","1018621","2020-06-05","2020","06","05","","18.5","","9.2","","13.9","","4.1","","0.0","","0.0","","0.0","","0.0","","","","","M","","M"
"-123.43","48.65","VICTORIA INTL A","1018621","2020-06-06","2020","06","06","","16.3","","11.5","","13.9","","4.1","","0.0","","0.2","","0.0","","0.2","","","","","","","M"
"-123.43","48.65","VICTORIA INTL A","1018621","2020-06-07","2020","06","07","","19.3","","10.1","","14.7","","3.3","","0.0","","0.0","","0.0","","0.0","","","","26","","39",""
"-123.43","48.65","VICTORIA INTL A","1018621","2020-06-08","2020","06","08","","18.9","","11.1","","15.0","","3.0","","0.0","","0.0","","0.0","","0.0","","","","25","","45",""
"-123.43","48.65","VICTORIA INTL A","1018621","2020-06-09","2020","06","09","","15.1","","10.3","","12.7","","5.3","","0.0","","13.9","","0.0","","13.9","","","","13","","41",""
"-123.43","48.65","VICTORIA INTL A","1018621","2020-06-10","2020","06","10","","19.6","","11.4","","15.5","","2.5","","0.0","","0.2","","0.0","","0.2","","","","","M","","M"
"-123.43","48.65","VICTORIA INTL A","1018621","2020-06-11","2020","06","11","","18.1","","12.8","","15.5","","2.5","","0.0","","0.0","","0.0","","0.0","","","","14","","33",""
"-123.43","48.65","VICTORIA INTL A","1018621","2020-06-12","2020","06","12","","16.0","","11.3","","13.7","","4.3","","0.0","","9.6","","0.0","","9.6","","","","14","","37",""
"-123.43","48.65","VICTORIA INTL A","1018621","2020-06-13","2020","06","13","","16.8","","8.9","","12.9","","5.1","","0.0","","3.5","","0.0","","3.5","","","","","M","","M"
"-123.43","48.65","VICTORIA INTL A","1018621","2020-06-14","2020","06","14","","17.5","","7.8","","12.7","","5.3","","0.0","","0.0","","0.0","","0.0","","","","","M","","M"
"-123.43","48.65","VICTORIA INTL A","1018621","2020-06-15","2020","06","15","","17.7","","10.9","","14.3","","3.7","","0.0","","5.1","","0.0","","5.1","","","","29","","37",""
"-123.43","48.65","VICTORIA INTL A","1018621","2020-06-16","2020","06","16","","18.5","","7.8","","13.2","","4.8","","0.0","","0.0","","0.0","","0.0","","","","","M","","M"
"-123.43","48.65","VICTORIA INTL A","1018621","2020-06-17","2020","06","17","","19.4","","9.8","","14.6","","3.4","","0.0","","0.0","","0.0","","0.0","","","","","M","","M"
"-123.43","48.65","VICTORIA INTL A","1018621","2020-06-18","2020","06","18","","22.1","","10.5","","16.3","","1.7","","0.0","","0.0","","0.0","","0.0","","","","","M","","M"
"-123.43","48.65","VICTORIA INTL A","1018621","2020-06-19","2020","06","19","","19.6","","11.2","","15.4","","2.6","","0.0","","0.4","","0.0","","0.4","","","","","M","","M"
"-123.43","48.65","VICTORIA INTL A","1018621","2020-06-20","2020","06","20","","20.1","","13.2","","16.7","","1.3","","0.0","","0.4","","0.0","","0.4","","","","25","","42",""
"-123.43","48.65","VICTORIA INTL A","1018621","2020-06-21","2020","06","21","","21.2","","14.3","","17.8","","0.2","","0.0","","0.0","","0.0","","0.0","","","","24","","33",""
"-123.43","48.65","VICTORIA INTL A","1018621","2020-06-22","2020","06","22","","20.9","","9.7","","15.3","","2.7","","0.0","","0.0","","0.0","","0.0","","","","","M","","M"
"-123.43","48.65","VICTORIA INTL A","1018621","2020-06-23","2020","06","23","","21.7","","12.3","","17.0","","1.0","","0.0","","0.2","","0.0","","0.2","","","","","M","","M"
"-123.43","48.65","VICTORIA INTL A","1018621","2020-06-24","2020","06","24","","23.8","","13.1","","18.5","","0.0","","0.5","","0.3","","0.0","","0.3","","","","4","","33",""
"-123.43","48.65","VICTORIA INTL A","1018621","2020-06-25","2020","06","25","","22.6","","11.4","","17.0","","1.0","","0.0","","0.0","","0.0","","0.0","","","","","M","","M"
"-123.43","48.65","VICTORIA INTL A","1018621","2020-06-26","2020","06","26","","21.3","","11.2","","16.3","","1.7","","0.0","","0.0","T","0.0","","0.0","T","","","27","","33",""
"-123.43","48.65","VICTORIA INTL A","1018621","2020-06-27","2020","06","27","","20.3","","12.3","","16.3","","1.7","","0.0","","2.0","","0.0","","2.0","","","","20","","39",""
"-123.43","48.65","VICTORIA INTL A","1018621","2020-06-28","2020","06","28","","20.8","","10.8","","15.8","","2.2","","0.0","","0.6","","0.0","","0.6","","","","","","","M"
"-123.43","48.65","VICTORIA INTL A","1018621","2020-06-29","2020","06","29","","20.2","","10.9","","15.6","","2.4","","0.0","","0.0","","0.0","","0.0","","","","28","","39",""
"-123.43","48.65","VICTORIA INTL A","1018621","2020-06-30","2020","06","30","","21.0","","12.6","","16.8","","1.2","","0.0","","0.0","","0.0","","0.0","","","","28","","39",""
"-123.43","48.65","VICTORIA INTL A","1018621","2020-07-01","2020","07","01","","19.4","","12.0","","15.7","","2.3","","0.0","","0.4","","0.0","","0.4","","","","14","","42",""
"-123.43","48.65","VICTORIA INTL A","1018621","2020-07-02","2020","07","02","","19.2","","11.5","","15.4","","2.6","","0.0","","0.0","","0.0","","0.0","","","","22","","37",""
"-123.43","48.65","VICTORIA INTL A","1018621","2020-07-03","2020","07","03","","14.6","","11.6","","13.1","","4.9","","0.0","","11.2","","0.0","","11.2","","","","","M","","M"
"-123.43","48.65","VICTORIA INTL A","1018621","2020-07-04","2020","07","04","","18.5","","11.2","","14.9","","3.1","","0.0","","0.2","","0.0","","0.2","","","","","M","","M"
"-123.43","48.65","VICTORIA INTL A","1018621","2020-07-05","2020","07","05","","20.9","","10.4","","15.7","","2.3","","0.0","","0.0","","0.0","","0.0","","","","","M","","M"
"-123.43","48.65","VICTORIA INTL A","1018621","2020-07-06","2020","07","06","","21.4","","12.1","","16.8","","1.2","","0.0","","0.0","","0.0","","0.0","","","","25","","33",""
"-123.43","48.65","VICTORIA INTL A","1018621","2020-07-07","2020","07","07","","18.0","","11.5","","14.8","","3.2","","0.0","","0.0","","0.0","","0.0","","","","27","","35",""
"-123.43","48.65","VICTORIA INTL A","1018621","2020-07-08","2020","07","08","","18.6","","9.1","","13.9","","4.1","","0.0","","0.2","","0.0","","0.2","","","","34","","35",""
"-123.43","48.65","VICTORIA INTL A","1018621","2020-07-09","2020","07","09","","21.1","","12.8","","17.0","","1.0","","0.0","","3.1","","0.0","","3.1","","","","15","","35",""
"-123.43","48.65","VICTORIA INTL A","1018621","2020-07-10","2020","07","10","","19.0","","8.9","","14.0","","4.0","","0.0","","0.0","","0.0","","0.0","","","","13","","35",""
"-123.43","48.65","VICTORIA INTL A","1018621","2020-07-11","2020","07","11","","16.4","","11.1","","13.8","","4.2","","0.0","","0.8","","0.0","","0.8","","","","","","","M"
"-123.43","48.65","VICTORIA INTL A","1018621","2020-07-12","2020","07","12","","20.9","","8.8","","14.9","","3.1","","0.0","","0.0","","0.0","","0.0","","","","","","","M"
"-123.43","48.65","VICTORIA INTL A","1018621","2020-07-13","2020","07","13","","22.0","","9.2","","15.6","","2.4","","0.0","","0.0","","0.0","","0.0","","","","14","","41",""
"-123.43","48.65","VICTORIA INTL A","1018621","2020-07-14","2020","07","14","","22.6","","10.6","","16.6","","1.4","","0.0","","0.0","","0.0","","0.0","","","","","M","","M"
"-123.43","48.65","VICTORIA INTL A","1018621","2020-07-15","2020","07","15","","23.1","","11.3","","17.2","","0.8","","0.0","","0.0","","0.0","","0.0","","","","","","","M"
"-123.43","48.65","VICTORIA INTL A","1018621","2020-07-16","2020","07","16","","26.5","","12.2","","19.4","","0.0","","1.4","","0.0","","0.0","","0.0","","","","27","","39",""
"-123.43","48.65","VICTORIA INTL A","1018621","2020-07-17","2020","07","17","","21.8","","14.2","","18.0","","0.0","","0.0","","0.0","","0.0","","0.0","","","","28","","32",""
"-123.43","48.65","VICTORIA INTL A","1018621","2020-07-18","2020","07","18","","24.4","","11.4","","17.9","","0.1","","0.0","","0.0","","0.0","","0.0","","","","","M","","M"
"-123.43","48.65","VICTORIA INTL A","1018621","2020-07-19","2020","07","19","","26.2","","12.2","","19.2","","0.0","","1.2","","0.0","","0.0","","0.0","","","","","","","M"
"-123.43","48.65","VICTORIA INTL A","1018621","2020-07-20","2020","07","20","","27.5","","13.9","","20.7","","0.0","","2.7","","0.0","","0.0","","0.0","","","","","M","","M"
"-123.43","48.65","VICTORIA INTL A","1018621","2020-07-21","2020","07","21","","23.1","","13.2","","18.2","","0.0","","0.2","","0.0","","0.0","","0.0","","","","","M","","M"
"-123.43","48.65","VICTORIA INTL A","1018621","2020-07-22","2020","07","22","","22.0","","13.8","","17.9","","0.1","","0.0","","0.0","","0.0","","0.0","","","","","M","","M"
"-123.43","48.65","VICTORIA INTL A","1018621","2020-07-23","2020","07","23","","","M","","M","","M","","M","","M","0.0","","0.0","","0.0","","","","27","","42",""
"-123.43","48.65","VICTORIA INTL A","1018621","2020-07-24","2020","07","24","","21.8","","13.9","","17.9","","0.1","","0.0","","0.0","","0.0","","0.0","","","","","M","","M"
"-123.43","48.65","VICTORIA INTL A","1018621","2020-07-25","2020","07","25","","23.1","","11.9","","17.5","","0.5","","0.0","","0.0","","0.0","","0.0","","","","","M","","M"
"-123.43","48.65","VICTORIA INTL A","1018621","2020-07-26","2020","07","26","","28.4","","12.3","","20.4","","0.0","","2.4","","0.0","","0.0","","0.0","","","","","M","","M"
"-123.43","48.65","VICTORIA INTL A","1018621","2020-07-27","2020","07","27","","28.5","","14.9","","21.7","","0.0","","3.7","","0.0","","0.0","","0.0","","","","","M","","M"
"-123.43","48.65","VICTORIA INTL A","1018621","2020-07-28","2020","07","28","","24.7","","12.8","","18.8","","0.0","","0.8","","0.0","","0.0","","0.0","","","","","M","","M"
"-123.43","48.65","VICTORIA INTL A","1018621","2020-07-29","2020","07","29","","25.1","","11.6","","18.4","","0.0","","0.4","","0.0","","0.0","","0.0","","","","","M","","M"
"-123.43","48.65","VICTORIA INTL A","1018621","2020-07-30","2020","07","30","","","M","","M","","M","","M","","M","0.0","","0.0","","0.0","","","","","M","","M"
"-123.43","48.65","VICTORIA INTL A","1018621","2020-07-31","2020","07","31","","26.5","","13.9","","20.2","","0.0","","2.2","","0.0","T","0.0","","0.0","T","","","","M","","M"
"-123.43","48.65","VICTORIA INTL A","1018621","2020-08-01","2020","08","01","","19.9","","14.0","","17.0","","1.0","","0.0","","0.0","","0.0","","0.0","","","","15","","32",""
"-123.43","48.65","VICTORIA INTL A","1018621","2020-08-02","2020","08","02","","22.8","","11.2","","17.0","","1.0","","0.0","","0.0","T","0.0","","0.0","T","","","14","","39",""
"-123.43","48.65","VICTORIA INTL A","1018621","2020-08-03","2020","08","03","","23.4","","15.2","","19.3","","0.0","","1.3","","0.0","","0.0","","0.0","","","","12","","33",""
"-123.43","48.65","VICTORIA INTL A","1018621","2020-08-04","2020","08","04","","26.0","","13.1","","19.6","","0.0","","1.6","","0.0","","0.0","","0.0","","","","","M","","M"
"-123.43","48.65","VICTORIA INTL A","1018621","2020-08-05","2020","08","05","","25.3","","12.3","","18.8","","0.0","","0.8","","0.0","","0.0","","0.0","","","","29","","39",""
"-123.43","48.65","VICTORIA INTL A","1018621","2020-08-06","2020","08","06","","22.7","","14.5","","18.6","","0.0","","0.6","","6.8","","0.0","","6.8","","","","23","","46",""
"-123.43","48.65","VICTORIA INTL A","1018621","2020-08-07","2020","08","07","","19.1","","11.8","","15.5","","2.5","","0.0","","3.9","","0.0","","3.9","","","","14","","33",""
"-123.43","48.65","VICTORIA INTL A","1018621","2020-08-08","2020","08","08","","21.0","","12.0","","16.5","","1.5","","0.0","","0.0","T","0.0","","0.0","T","","","","M","","M"
"-123.43","48.65","VICTORIA INTL A","1018621","2020-08-09","2020","08","09","","22.7","","10.2","","16.5","","1.5","","0.0","","0.0","","0.0","","0.0","","","","","M","","M"
"-123.43","48.65","VICTORIA INTL A","1018621","2020-08-10","2020","08","10","","22.7","","11.8","","17.3","","0.7","","0.0","","0.0","","0.0","","0.0","","","","","M","","M"
"-123.43","48.65","VICTORIA INTL A","1018621","2020-08-11","2020","08","11","","19.7","","11.4","","15.6","","2.4","","0.0","","0.0","","0.0","","0.0","","","","15","","33",""
"-123.43","48.65","VICTORIA INTL A","1018621","2020-08-12","2020","08","12","","19.3","","10.2","","14.8","","3.2","","0.0","","0.0","","0.0","","0.0","","","","13","","39",""
"-123.43","48.65","VICTORIA INTL A","1018621","2020-08-13","2020","08","13","","20.6","","9.2","","14.9","","3.1","","0.0","","0.0","","0.0","","0.0","","","","15","","32",""
"-123.43","48.65","VICTORIA INTL A","1018621","2020-08-14","2020","08","14","","23.7","","11.1","","17.4","","0.6","","0.0","","0.0","","0.0","","0.0","","","","","M","","M"
"-123.43","48.65","VICTORIA INTL A","1018621","2020-08-15","2020","08","15","","26.9","","12.1","","19.5","","0.0","","1.5","","0.0","","0.0","","0.0","","","","","M","","M"
"-123.43","48.65","VICTORIA INTL A","1018621","2020-08-16","2020","08","16","","29.4","","14.5","","22.0","","0.0","","4.0","","0.0","T","0.0","","0.0","T","","","","M","","M"
"-123.43","48.65","VICTORIA INTL A","1018621","2020-08-17","2020","08","17","","24.7","","15.1","","19.9","","0.0","","1.9","","0.0","","0.0","","0.0","","","","13","","35",""
"-123.43","48.65","VICTORIA INTL A","1018621","2020-08-18","2020","08","18","","25.8","","13.1","","19.5","","0.0","","1.5","","0.0","","0.0","","0.0","","","","29","","32",""
"-123.43","48.65","VICTORIA INTL A","1018621","2020-08-19","2020","08","19","","21.4","","11.6","","16.5","","1.5","","0.0","","0.0","T","0.0","","0.0","T","","","","M","","M"
"-123.43","48.65","VICTORIA INTL A","1018621","2020-08-20","2020","08","20","","21.4","","12.7","","17.1","","0.9","","0.0","","4.8","","0.0","","4.8","","","","","M","","M"
"-123.43","48.65","VICTORIA INTL A","1018621","2020-08-21","2020","08","21","","22.9","","13.1","","18.0","","0.0","","0.0","","2.5","","0.0","","2.5","","","","23","","41",""
"-123.43","48.65","VICTORIA INTL A","1018621","2020-08-22","2020","08","22","","21.9","","12.2","","17.1","","0.9","","0.0","","0.0","","0.0","","0.0","","","","","M","","M"
"-123.43","48.65","VICTORIA INTL A","1018621","2020-08-23","2020","08","23","","21.6","","10.8","","16.2","","1.8","","0.0","","0.0","","0.0","","0.0","","","","","M","","M"
"-123.43","48.65","VICTORIA INTL A","1018621","2020-08-24","2020","08","24","","21.8","","12.6","","17.2","","0.8","","0.0","","0.0","T","0.0","","0.0","T","","","","M","","M"
"-123.43","48.65","VICTORIA INTL A","1018621","2020-08-25","2020","08","25","","20.9","","10.6","","15.8","","2.2","","0.0","","0.0","","0.0","","0.0","","","","","M","","M"
"-123.43","48.65","VICTORIA INTL A","1018621","2020-08-26","2020","08","26","","22.7","","9.6","","16.2","","1.8","","0.0","","0.0","","0.0","","0.0","","","","","M","","M"
"-123.43","48.65","VICTORIA INTL A","1018621","2020-08-27","2020","08","27","","21.3","","10.2","","15.8","","2.2","","0.0","","0.0","","0.0","","0.0","","","","","M","","M"
"-123.43","48.65","VICTORIA INTL A","1018621","2020-08-28","2020","08","28","","21.2","","9.7","","15.5","","2.5","","0.0","","0.0","","0.0","","0.0","","","","","M","","M"
"-123.43","48.65","VICTORIA INTL A","1018621","2020-08-29","2020","08","29","","19.6","","10.8","","15.2","","2.8","","0.0","","0.0","","0.0","","0.0","","","","","M","","M"
"-123.43","48.65","VICTORIA INTL A","1018621","2020-08-30","2020","08","30","","19.0","","7.7","","13.4","","4.6","","0.0","","1.8","","0.0","","1.8","","","","","","","M"
"-123.43","48.65","VICTORIA INTL A","1018621","2020-08-31","2020","08","31","","18.6","","12.3","","15.5","","2.5","","0.0","","0.0","","0.0","","0.0","","","","","M","","M"
"-123.43","48.65","VICTORIA INTL A","1018621","2020-09-01","2020","09","01","","21.4","","10.8","","16.1","","1.9","","0.0","","0.0","","0.0","","0.0","","","","","M","","M"
"-123.43","48.65","VICTORIA INTL A","1018621","2020-09-02","2020","09","02","","22.1","","10.7","","16.4","","1.6","","0.0","","0.0","","0.0","","0.0","","","","","M","","M"
"-123.43","48.65","VICTORIA INTL A","1018621","2020-09-03","2020","09","03","","24.0","","11.2","","17.6","","0.4","","0.0","","0.0","","0.0","","0.0","","","","","M","","M"
"-123.43","48.65","VICTORIA INTL A","1018621","2020-09-04","2020","09","04","","","M","","M","","M","","M","","M","0.0","","0.0","","0.0","","","","","M","","M"
"-123.43","48.65","VICTORIA INTL A","1018621","2020-09-05","2020","09","05","","20.2","","12.3","","16.3","","1.7","","0.0","","0.0","","0.0","","0.0","","","","15","","32",""
"-123.43","48.65","VICTORIA INTL A","1018621","2020-09-06","2020","09","06","","22.2","","10.8","","16.5","","1.5","","0.0","","0.0","","0.0","","0.0","","","","","M","","M"
"-123.43","48.65","VICTORIA INTL A","1018621","2020-09-07","2020","09","07","","27.8","","12.6","","20.2","","0.0","","2.2","","0.0","","0.0","","0.0","","","","2","","42",""
"-123.43","48.65","VICTORIA INTL A","1018621","2020-09-08","2020","09","08","","26.9","","9.8","","18.4","","0.0","","0.4","","0.0","","0.0","","0.0","","","","","M","","M"
"-123.43","48.65","VICTORIA INTL A","1018621","2020-09-09","2020","09","09","","28.9","","10.3","","19.6","","0.0","","1.6","","0.0","","0.0","","0.0","","","","","M","","M"
"-123.43","48.65","VICTORIA INTL A","1018621","2020-09-10","2020","09","10","","29.1","","12.3","","20.7","","0.0","","2.7","","0.0","","0.0","","0.0","","","","","M","","M"
"-123.43","48.65","VICTORIA INTL A","1018621","2020-09-11","2020","09","11","","","M","","M","","M","","M","","M","0.0","","0.0","","0.0","","","","12","","33",""
"-123.43","48.65","VICTORIA INTL A","1018621","2020-09-12","2020","09","12","","","M","","M","","M","","M","","M","0.0","","0.0","","0.0","","","","","M","","M"
"-123.43","48.65","VICTORIA INTL A","1018621","2020-09-13","2020","09","13","","14.8","","10.2","","12.5","","5.5","","0.0","","0.0","","0.0","","0.0","","","","","M","","M"
"-123.43","48.65","VICTORIA INTL A","1018621","2020-09-14","2020","09","14","","17.9","","10.1","","14.0","","4.0","","0.0","","2.4","","0.0","","2.4","","","","","M","","M"
"-123.43","48.65","VICTORIA INTL A","1018621","2020-09-15","2020","09","15","","24.0","","13.1","","18.6","","0.0","","0.6","","1.7","","0.0","","1.7","","","","","M","","M"
"-123.43","48.65","VICTORIA INTL A","1018621","2020-09-16","2020","09","16","","22.9","","13.5","","18.2","","0.0","","0.2","","0.0","","0.0","","0.0","","","","","M","","M"
"-123.43","48.65","VICTORIA INTL A","1018621","2020-09-17","2020","09","17","","22.1","","12.2","","17.2","","0.8","","0.0","","0.0","","0.0","","0.0","","","","","M","","M"
"-123.43","48.65","VICTORIA INTL A","1018621","2020-09-18","2020","09","18","","16.6","","11.3","","14.0","","4.0","","0.0","","3.6","","0.0","","3.6","","","","","M","","M"
"-123.43","48.65","VICTORIA INTL A","1018621","2020-09-19","2020","09","19","","21.3","","10.5","","15.9","","2.1","","0.0","","0.0","","0.0","","0.0","","","","","M","","M"
"-123.43","48.65","VICTORIA INTL A","1018621","2020-09-20","2020","09","20","","18.1","","8.5","","13.3","","4.7","","0.0","","0.0","","0.0","","0.0","","","","14","","32",""
"-123.43","48.65","VICTORIA INTL A","1018621","2020-09-21","2020","09","21","","","M","","M","","M","","M","","M","1.2","","0.0","","1.2","","","","","M","","M"
"-123.43","48.65","VICTORIA INTL A","1018621","2020-09-22","2020","09","22","","18.2","","8.9","","13.6","","4.4","","0.0","","0.0","T","0.0","","0.0","T","","","14","","37",""
"-123.43","48.65","VICTORIA INTL A","1018621","2020-09-23","2020","09","23","","16.0","","12.3","","14.2","","3.8","","0.0","","23.9","","0.0","","23.9","","","","20","","48",""
"-123.43","48.65","VICTORIA INTL A","1018621","2020-09-24","2020","09","24","","19.7","","11.9","","15.8","","2.2","","0.0","","6.9","","0.0","","6.9","","","","17","","41",""
"-123.43","48.65","VICTORIA INTL A","1018621","2020-09-25","2020","09","25","","18.5","","11.6","","15.1","","2.9","","0.0","","19.5","","0.0","","19.5","","","","25","","61",""
"-123.43","48.65","VICTORIA INTL A","1018621","2020-09-26","2020","09","26","","14.4","","9.0","","11.7","","6.3","","0.0","","10.5","","0.0","","10.5","","","","","","","M"
"-123.43","48.65","VICTORIA INTL A","1018621","2020-09-27","2020","09","27","","17.4","","7.3","","12.4","","5.6","","0.0","","0.0","","0.0","","0.0","","","","","M","","M"
"-123.43","48.65","VICTORIA INTL A","1018621","2020-09-28","2020","09","28","","19.3","","8.3","","13.8","","4.2","","0.0","","0.0","","0.0","","0.0","","","","","M","","M"
"-123.43","48.65","VICTORIA INTL A","1018621","2020-09-29","2020","09","29","","22.8","","10.6","","16.7","","1.3","","0.0","","0.0","","0.0","","0.0","","","","","M","","M"
"-123.43","48.65","VICTORIA INTL A","1018621","2020-09-30","2020","09","30","","22.2","","10.3","","16.3","","1.7","","0.0","","0.0","","0.0","","0.0","","","","","M","","M"
"-123.43","48.65","VICTORIA INTL A","1018621","2020-10-01","2020","10","01","","19.9","","9.4","","14.7","","3.3","","0.0","","0.0","","0.0","","0.0","","","","","M","","M"
"-123.43","48.65","VICTORIA INTL A","1018621","2020-10-02","2020","10","02","","21.5","","10.9","","16.2","","1.8","","0.0","","0.0","","0.0","","0.0","","","","","M","","M"
"-123.43","48.65","VICTORIA INTL A","1018621","2020-10-03","2020","10","03","","14.6","","10.2","","12.4","","5.6","","0.0","","0.0","","0.0","","0.0","","","","","M","","M"
"-123.43","48.65","VICTORIA INTL A","1018621","2020-10-04","2020","10","04","","15.8","","10.1","","13.0","","5.0","","0.0","","0.0","","0.0","","0.0","","","","","M","","M"
"-123.43","48.65","VICTORIA INTL A","1018621","2020-10-05","2020","10","05","","18.0","","10.8","","14.4","","3.6","","0.0","","0.0","","0.0","","0.0","","","","","M","","M"
"-123.43","48.65","VICTORIA INTL A","1018621","2020-10-06","2020","10","06","","18.0","","9.7","","13.9","","4.1","","0.0","","0.0","","0.0","","0.0","","","","","M","","M"
"-123.43","48.65","VICTORIA INTL A","1018621","2020-10-07","2020","10","07","","17.7","","9.5","","13.6","","4.4","","0.0","","0.0","","0.0","","0.0","","","","","M","","M"
"-123.43","48.65","VICTORIA INTL A","1018621","2020-10-08","2020","10","08","","19.9","","9.6","","14.8","","3.2","","0.0","","0.0","","0.0","","0.0","","","","","","","M"
"-123.43","48.65","VICTORIA INTL A","1018621","2020-10-09","2020","10","09","","15.1","","11.7","","13.4","","4.6","","0.0","","13.8","","0.0","","13.8","","","","19","","33",""
"-123.43","48.65","VICTORIA INTL A","1018621","2020-10-10","2020","10","10","","16.1","","10.3","","13.2","","4.8","","0.0","","2.9","","0.0","","2.9","","","","23","","58",""
"-123.43","48.65","VICTORIA INTL A","1018621","2020-10-11","2020","10","11","","","M","","M","","M","","M","","M","19.9","","0.0","","19.9","","","","10","","41",""
"-123.43","48.65","VICTORIA INTL A","1018621","2020-10-12","2020","10","12","","14.3","","6.6","","10.5","","7.5","","0.0","","0.3","","0.0","","0.3","","","","28","","33",""
"-123.43","48.65","VICTORIA INTL A","1018621","2020-10-13","2020","10","13","","15.6","","8.7","","12.2","","5.8","","0.0","","21.8","","0.0","","21.8","","","","22","","74",""
"-123.43","48.65","VICTORIA INTL A","1018621","2020-10-14","2020","10","14","","15.7","","7.1","","11.4","","6.6","","0.0","","0.0","","0.0","","0.0","","","","","","","M"
"-123.43","48.65","VICTORIA INTL A","1018621","2020-10-15","2020","10","15","","12.4","","4.9","","8.7","","9.3","","0.0","","0.0","","0.0","","0.0","","","","","M","","M"
"-123.43","48.65","VICTORIA INTL A","1018621","2020-10-16","2020","10","16","","20.4","","10.1","","15.3","","2.7","","0.0","","0.0","","0.0","","0.0","","","","24","","48",""
"-123.43","48.65","VICTORIA INTL A","1018621","2020-10-17","2020","10","17","","12.6","","10.0","","11.3","","6.7","","0.0","","0.0","T","0.0","","0.0","T","","","","M","","M"
"-123.43","48.65","VICTORIA INTL A","1018621","2020-10-18","2020","10","18","","11.7","","8.4","","10.1","","7.9","","0.0","","20.5","","0.0","","20.5","","","","","M","","M"
"-123.43","48.65","VICTORIA INTL A","1018621","2020-10-19","2020","10","19","","15.2","","6.1","","10.7","","7.3","","0.0","","0.0","","0.0","","0.0","","","","25","","32",""
"-123.43","48.65","VICTORIA INTL A","1018621","2020-10-20","2020","10","20","","13.2","","4.5","","8.9","","9.1","","0.0","","0.0","","0.0","","0.0","","","","","M","","M"
"-123.43","48.65","VICTORIA INTL A","1018621","2020-10-21","2020","10","21","","13.4","","2.0","","7.7","","10.3","","0.0","","0.0","","0.0","","0.0","","","","","M","","M"
"-123.43","48.65","VICTORIA INTL A","1018621","2020-10-22","2020","10","22","","10.7","","1.6","","6.2","","11.8","","0.0","","0.0","","0.0","","0.0","","","","","M","","M"
"-123.43","48.65","VICTORIA INTL A","1018621","2020-10-23","2020","10","23","","6.8","","3.1","","5.0","","13.0","","0.0","","10.4","","0.0","","10.4","","","","5","","35",""
"-123.43","48.65","VICTORIA INTL A","1018621","2020-10-24","2020","10","24","","8.3","","3.2","","5.8","","12.2","","0.0","","0.0","","0.0","","0.0","","","","6","","72",""
"-123.43","48.65","VICTORIA INTL A","1018621","2020-10-25","2020","10","25","","6.4","","-0.5","","3.0","","15.0","","0.0","","0.0","","0.0","","0.0","","","","8","","54",""
"-123.43","48.65","VICTORIA INTL A","1018621","2020-10-26","2020","10","26","","7.1","","0.6","","3.9","","14.1","","0.0","","1.3","","0.0","","1.3","","","","","M","","M"
"-123.43","48.65","VICTORIA INTL A","1018621","2020-10-27","2020","10","27","","11.5","","0.8","","6.2","","11.8","","0.0","","0.0","","0.0","","0.0","","","","14","","42",""
"-123.43","48.65","VICTORIA INTL A","1018621","2020-10-28","2020","10","28","","16.7","","9.9","","13.3","","4.7","","0.0","","0.0","","0.0","","0.0","","","","17","","45",""
"-123.43","48.65","VICTORIA INTL A","1018621","2020-10-29","2020","10","29","","14.0","","11.1","","12.6","","5.4","","0.0","","0.0","","0.0","","0.0","","","","23","","37",""
"-123.43","48.65","VICTORIA INTL A","1018621","2020-10-30","2020","10","30","","14.9","","5.1","","10.0","","8.0","","0.0","","3.8","","0.0","","3.8","","","","25","","59",""
"-123.43","48.65","VICTORIA INTL A","1018621","2020-10-31","2020","10","31","","11.4","","2.2","","6.8","","11.2","","0.0","","0.0","","0.0","","0.0","","","","","M","","M"
"-123.43","48.65","VICTORIA INTL A","1018621","2020-11-01","2020","11","01","","13.3","","2.0","","7.7","","10.3","","0.0","","0.0","","0.0","","0.0","","","","","M","","M"
"-123.43","48.65","VICTORIA INTL A","1018621","2020-11-02","2020","11","02","","9.8","","0.8","","5.3","","12.7","","0.0","","0.0","","0.0","","0.0","","","","","M","","M"
"-123.43","48.65","VICTORIA INTL A","1018621","2020-11-03","2020","11","03","","12.3","","6.2","","9.3","","8.7","","0.0","","23.0","","0.0","","23.0","","","","","M","","M"
"-123.43","48.65","VICTORIA INTL A","1018621","2020-11-04","2020","11","04","","17.2","","10.1","","13.7","","4.3","","0.0","","4.2","","0.0","","4.2","","","","24","","81",""
"-123.43","48.65","VICTORIA INTL A","1018621","2020-11-05","2020","11","05","","16.6","","6.0","","11.3","","6.7","","0.0","","2.9","","0.0","","2.9","","","","24","","68",""
"-123.43","48.65","VICTORIA INTL A","1018621","2020-11-06","2020","11","06","","11.8","","2.8","","7.3","","10.7","","0.0","","0.0","","0.0","","0.0","","","","30","","48",""
"-123.43","48.65","VICTORIA INTL A","1018621","2020-11-07","2020","11","07","","9.2","","-1.1","","4.1","","13.9","","0.0","","0.0","","0.0","","0.0","","","","32","","50",""
"-123.43","48.65","VICTORIA INTL A","1018621","2020-11-08","2020","11","08","","8.4","","-1.9","","3.3","","14.7","","0.0","","0.0","","0.0","","0.0","","","","35","","41",""
"-123.43","48.65","VICTORIA INTL A","1018621","2020-11-09","2020","11","09","","7.2","","-2.4","","2.4","","15.6","","0.0","","3.6","","0.0","","3.6","","","","16","","41",""
"-123.43","48.65","VICTORIA INTL A","1018621","2020-11-10","2020","11","10","","6.8","","0.3","","3.6","","14.4","","0.0","","0.9","","0.0","","0.9","","","","29","","33",""
"-123.43","48.65","VICTORIA INTL A","1018621","2020-11-11","2020","11","11","","6.1","","0.0","","3.1","","14.9","","0.0","","0.0","T","0.0","","0.0","T","","","","M","","M"
"-123.43","48.65","VICTORIA INTL A","1018621","2020-11-12","2020","11","12","","7.8","","4.4","","6.1","","11.9","","0.0","","18.6","","0.0","","18.6","","","","13","","48",""
"-123.43","48.65","VICTORIA INTL A","1018621","2020-11-13","2020","11","13","","11.1","","4.5","","7.8","","10.2","","0.0","","16.1","","0.0","","16.1","","","","29","","55",""
"-123.43","48.65","VICTORIA INTL A","1018621","2020-11-14","2020","11","14","","7.7","","1.3","","4.5","","13.5","","0.0","","1.6","","0.0","","1.6","","","","13","","58",""
"-123.43","48.65","VICTORIA INTL A","1018621","2020-11-15","2020","11","15","","11.6","","6.3","","9.0","","9.0","","0.0","","5.0","","0.0","","5.0","","","","16","","58",""
"-123.43","48.65","VICTORIA INTL A","1018621","2020-11-16","2020","11","16","","7.5","","3.6","","5.6","","12.4","","0.0","","30.4","","0.0","","30.4","","","","6","","41",""
"-123.43","48.65","VICTORIA INTL A","1018621","2020-11-17","2020","11","17","","13.1","","5.5","","9.3","","8.7","","0.0","","6.2","","0.0","","6.2","","","","20","","54",""
"-123.43","48.65","VICTORIA INTL A","1018621","2020-11-18","2020","11","18","","9.7","","5.4","","7.6","","10.4","","0.0","","7.2","","0.0","","7.2","","","","23","","37",""
"-123.43","48.65","VICTORIA INTL A","1018621","2020-11-19","2020","11","19","","8.8","","2.0","","5.4","","12.6","","0.0","","1.7","","0.0","","1.7","","","","","M","","M"
"-123.43","48.65","VICTORIA INTL A","1018621","2020-11-20","2020","11","20","","10.0","","4.7","","7.4","","10.6","","0.0","","0.8","","0.0","","0.8","","","","14","","33",""
"-123.43","48.65","VICTORIA INTL A","1018621","2020-11-21","2020","11","21","","7.7","","1.4","","4.6","","13.4","","0.0","","0.0","","0.0","","0.0","","","","","M","","M"
"-123.43","48.65","VICTORIA INTL A","1018621","2020-11-22","2020","11","22","","6.0","","1.8","","3.9","","14.1","","0.0","","1.9","","0.0","","1.9","","","","","M","","M"
"-123.43","48.65","VICTORIA INTL A","1018621","2020-11-23","2020","11","23","","7.6","","3.2","","5.4","","12.6","","0.0","","5.3","","0.0","","5.3","","","","","M","","M"
"-123.43","48.65","VICTORIA INTL A","1018621","2020-11-24","2020","11","24","","8.6","","0.6","","4.6","","13.4","","0.0","","7.3","","0.0","","7.3","","","","15","","46",""
"-123.43","48.65","VICTORIA INTL A","1018621","2020-11-25","2020","11","25","","8.0","","0.6","","4.3","","13.7","","0.0","","0.8","","0.0","","0.8","","","","","M","","M"
"-123.43","48.65","VICTORIA INTL A","1018621","2020-11-26","2020","11","26","","8.4","","3.8","","6.1","","11.9","","0.0","","0.0","T","0.0","","0.0","T","","","15","","32",""
"-123.43","48.65","VICTORIA INTL A","1018621","2020-11-27","2020","11","27","","9.4","","6.2","","7.8","","10.2","","0.0","","2.3","","0.0","","2.3","","","","16","","41",""
"-123.43","48.65","VICTORIA INTL A","1018621","2020-11-28","2020","11","28","","","M","","M","","M","","M","","M","","M","0.0","","","M","","","23","","50",""
"-123.43","48.65","VICTORIA INTL A","1018621","2020-11-29","2020","11","29","","7.9","","1.2","","4.6","","13.4","","0.0","","0.0","","0.0","","0.0","","","","","M","","M"
"-123.43","48.65","VICTORIA INTL A","1018621","2020-11-30","2020","11","30","","11.0","","2.7","","6.9","","11.1","","0.0","","9.3","","0.0","","9.3","","","","25","","48",""
"-123.43","48.65","VICTORIA INTL A","1018621","2020-12-01","2020","12","01","","7.4","","-0.6","","3.4","","14.6","","0.0","","","M","","M","0.0","","","","","M","","M"
"-123.43","48.65","VICTORIA INTL A","1018621","2020-12-02","2020","12","02","","9.5","","0.7","","5.1","","12.9","","0.0","","","M","","M","0.0","","","","","M","","M"
"-123.43","48.65","VICTORIA INTL A","1018621","2020-12-03","2020","12","03","","7.4","","0.8","","4.1","","13.9","","0.0","","","M","","M","0.0","","","","","M","","M"
"-123.43","48.65","VICTORIA INTL A","1018621","2020-12-04","2020","12","04","","10.2","","0.6","","5.4","","12.6","","0.0","","","M","","M","0.0","","","","","M","","M"
"-123.43","48.65","VICTORIA INTL A","1018621","2020-12-05","2020","12","05","","10.4","","-0.2","","5.1","","12.9","","0.0","","","M","","M","0.2","","","","","M","","M"
"-123.43","48.65","VICTORIA INTL A","1018621","2020-12-06","2020","12","06","","10.6","","2.3","","6.5","","11.5","","0.0","","","M","","M","0.0","T","","","13","","37",""
"-123.43","48.65","VICTORIA INTL A","1018621","2020-12-07","2020","12","07","","8.6","","7.1","","7.9","","10.1","","0.0","","","M","","M","7.3","","","","","M","","M"
"-123.43","48.65","VICTORIA INTL A","1018621","2020-12-08","2020","12","08","","9.7","","7.6","","8.7","","9.3","","0.0","","","M","","M","12.8","","","","14","","35",""
"-123.43","48.65","VICTORIA INTL A","1018621","2020-12-09","2020","12","09","","10.7","","0.8","","5.8","","12.2","","0.0","","0.0","T","0.0","","0.0","T","","","","M","","M"
"-123.43","48.65","VICTORIA INTL A","1018621","2020-12-10","2020","12","10","","6.7","","2.9","","4.8","","13.2","","0.0","","0.0","T","0.0","","0.0","T","","","","M","","M"
"-123.43","48.65","VICTORIA INTL A","1018621","2020-12-11","2020","12","11","","7.4","","2.0","","4.7","","13.3","","0.0","","0.0","T","0.0","","0.0","T","","","","M","","M"
"-123.43","48.65","VICTORIA INTL A","1018621","2020-12-12","2020","12","12","","5.3","","-0.6","","2.4","","15.6","","0.0","","0.0","","0.0","","0.0","","","","","M","","M"
"-123.43","48.65","VICTORIA INTL A","1018621","2020-12-13","2020","12","13","","6.0","","0.9","","3.5","","14.5","","0.0","","10.1","","0.0","","10.1","","","","12","","48",""
"-123.43","48.65","VICTORIA INTL A","1018621","2020-12-14","2020","12","14","","9.6","","4.0","","6.8","","11.2","","0.0","","2.0","","0.0","","2.0","","","","","M","","M"
"-123.43","48.65","VICTORIA INTL A","1018621","2020-12-15","2020","12","15","","9.0","","5.3","","7.2","","10.8","","0.0","","8.4","","0.0","","8.4","","","","14","","52",""
"-123.43","48.65","VICTORIA INTL A","1018621","2020-12-16","2020","12","16","","10.0","","7.0","","8.5","","9.5","","0.0","","5.7","","0.0","","5.7","","","","14","","58",""
"-123.43","48.65","VICTORIA INTL A","1018621","2020-12-17","2020","12","17","","10.5","","4.1","","7.3","","10.7","","0.0","","2.5","","0.0","","2.5","","","","21","","58",""
"-123.43","48.65","VICTORIA INTL A","1018621","2020-12-18","2020","12","18","","9.8","","6.8","","8.3","","9.7","","0.0","","11.5","","0.0","","11.5","","","","14","","52",""
"-123.43","48.65","VICTORIA INTL A","1018621","2020-12-19","2020","12","19","","9.2","","3.2","","6.2","","11.8","","0.0","","16.6","","0.0","","16.6","","","","29","","45",""
"-123.43","48.65","VICTORIA INTL A","1018621","2020-12-20","2020","12","20","","13.2","","5.3","","9.3","","8.7","","0.0","","0.0","","0.0","","0.0","","","","23","","58",""
"-123.43","48.65","VICTORIA INTL A","1018621","2020-12-21","2020","12","21","","6.3","","0.1","","3.2","","14.8","","0.0","","41.8","","8.0","","52.8","","2","E","30","","39",""
"-123.43","48.65","VICTORIA INTL A","1018621","2020-12-22","2020","12","22","","5.5","","-1.8","","1.9","","16.1","","0.0","","0.0","","0.0","","0.0","","2","","28","","33",""
"-123.43","48.65","VICTORIA INTL A","1018621","2020-12-23","2020","12","23","","4.7","","-2.5","","1.1","","16.9","","0.0","","0.0","","0.0","","0.0","","1","","","M","","M"
"-123.43","48.65","VICTORIA INTL A","1018621","2020-12-24","2020","12","24","","3.1","","-4.0","","-0.5","","18.5","","0.0","","0.0","","0.0","","0.0","","0","T","","M","","M"
"-123.43","48.65","VICTORIA INTL A","1018621","2020-12-25","2020","12","25","","4.5","","0.2","","2.4","","15.6","","0.0","","9.1","","0.0","","9.1","","","","","M","","M"
"-123.43","48.65","VICTORIA INTL A","1018621","2020-12-26","2020","12","26","","8.3","","2.0","","5.2","","12.8","","0.0","","0.6","","0.0","","0.6","","","","19","","52",""
"-123.43","48.65","VICTORIA INTL A","1018621","2020-12-27","2020","12","27","","7.5","","4.0","","5.8","","12.2","","0.0","","7.5","","0.0","","7.5","","","","14","","33",""
"-123.43","48.65","VICTORIA INTL A","1018621","2020-12-28","2020","12","28","","7.5","","-0.2","","3.7","","14.3","","0.0","","0.0","","0.0","","0.0","","","","","M","","M"
"-123.43","48.65","VICTORIA INTL A","1018621","2020-12-29","2020","12","29","","5.6","","0.6","","3.1","","14.9","","0.0","","8.7","","0.0","","8.7","","","","","M","","M"
"-123.43","48.65","VICTORIA INTL A","1018621","2020-12-30","2020","12","30","","7.8","","5.5","","6.7","","11.3","","0.0","","20.4","","0.0","","20.4","","","","14","","61",""
"-123.43","48.65","VICTORIA INTL A","1018621","2020-12-31","2020","12","31","","8.0","","6.1","","7.1","","10.9","","0.0","","7.2","","0.0","","7.2","","","","14","","33",""
